"A","ALCOH","FOOD","K","TRPORT","X"
3,8.98999977111816,157.050003051758,0,80.5100021362305,692
2,17.75,70.7799987792969,0,40.7200012207031,272
2,2.97000002861023,177.199996948242,0,29.3099994659424,1130
2,13.5,75.1100006103516,2,38.1100006103516,535
2,47.4099998474121,147.889999389648,0,108.269996643066,767
2,49.7299995422363,116.940002441406,0,503.75,682
2,58.0699996948242,74.8499984741211,2,76.1500015258789,1008
2,34.560001373291,101.23999786377,0,27.2199993133545,1132
2,29.1000003814697,68.4899978637695,2,64.7600021362305,891
2,2.20000004768372,190.300003051758,0,57.5699996948242,1264
2,17.9500007629395,45.2900009155273,0,78.8600006103516,738
2,31.7900009155273,75.1800003051758,1,57.2299995422363,431
3,42.9000015258789,128.529998779297,1,417.769989013672,1271
2,26.9699993133545,95.629997253418,3,70.0999984741211,709
1,18.6900005340576,81.1399993896484,0,109.099998474121,451
2,39.7299995422363,117.339996337891,3,100.730003356934,975
1,7.28000020980835,63.560001373291,0,18.9799995422363,309
2,46.2999992370605,110.51000213623,2,79.3399963378906,775
1,5.13000011444092,40.6399993896484,0,31.9500007629395,206
2,13.8500003814697,241.229995727539,3,157.119995117188,445
3,26.8700008392334,158.490005493164,1,109.889999389648,797
2,3.59999990463257,98.25,2,7.13000011444092,495
3,0.699999988079071,80.0199966430664,1,26.4200000762939,732
2,3.82999992370605,115.029998779297,3,22.6000003814697,859
2,58.1300010681152,244.309997558594,0,155.089996337891,1903
1,5.19999980926514,60.7999992370605,0,41.6500015258789,476
2,1.95000004768372,67.370002746582,1,254.830001831055,881
1,4,63.439998626709,0,201.350006103516,480
2,21.2900009155273,58.2900009155273,0,36.5099983215332,660
1,0.5,29.1399993896484,0,11.9499998092651,144
1,4.38000011444092,172.570007324219,4,244.889999389648,616
2,12.6499996185303,100.519996643066,3,54.9799995422363,506
2,20.5499992370605,53.7799987792969,0,21.7399997711182,192
2,9.75,68.4800033569336,0,15.6400003433228,171
3,43.5,75.4400024414062,0,42.3300018310547,1096
2,18.9599990844727,81.5800018310547,0,37.8499984741211,282
1,9.92000007629395,52.2599983215332,3,30.7000007629395,239
2,43.5499992370605,30.0900001525879,2,77.4700012207031,414
1,16.4300003051758,62.6300010681152,0,12.789999961853,530
2,44.3300018310547,141.330001831055,3,388.200012207031,629
2,13.1999998092651,95.7600021362305,0,216.940002441406,1025
2,7.25,82.4400024414062,0,6.5,292
2,31.9500007629395,70.120002746582,2,73.5999984741211,643
2,10,250.179992675781,2,281.170013427734,2193
2,54.0999984741211,99.2900009155273,0,101.669998168945,787
2,7.17999982833862,117.709999084473,0,197.350006103516,858
2,40.0299987792969,108.730003356934,0,154.220001220703,1077
1,0.349999994039536,42.5299987792969,1,100.98999786377,153
2,27.2999992370605,36.560001373291,0,29.1499996185303,547
2,49.4199981689453,78.9899978637695,0,22.7900009155273,104
2,15.9200000762939,92,1,58.3699989318848,920
2,38.7400016784668,121.76000213623,0,131.889999389648,855
3,56.4599990844727,143.149993896484,1,109.080001831055,1355
1,10.289999961853,35.9000015258789,0,298.450012207031,420
2,65.3000030517578,110.48999786377,2,20.1200008392334,374
2,28.5499992370605,97.879997253418,0,39.6199989318848,465
2,16.6499996185303,72.0899963378906,1,105.230003356934,615
2,9.55000019073486,103.959999084473,1,268.820007324219,777
2,7.46999979019165,79.8199996948242,0,252.059997558594,220
2,11.7299995422363,109.819999694824,2,30.3899993896484,742
2,26.6399993896484,108.379997253418,2,86.6900024414062,936
2,15.710000038147,147.600006103516,0,113.419998168945,991
1,12.9899997711182,110.160003662109,0,89.7099990844727,853
1,53.0800018310547,55.9500007629395,0,75.9899978637695,327
2,11.1999998092651,134.429992675781,0,16.3299999237061,488
3,38.2400016784668,108.209999084473,0,33.5400009155273,1490
2,14.9499998092651,89.4499969482422,3,26.1900005340576,473
3,13.3999996185303,194.720001220703,0,422.329986572266,1725
3,36.810001373291,113.819999694824,2,105.319999694824,893
1,26.0400009155273,96.129997253418,0,68.1600036621094,500
2,22.6000003814697,46.8300018310547,0,44.1800003051758,273
2,41.5800018310547,118.23999786377,0,57.2400016784668,721
2,25.7000007629395,52.8300018310547,0,22.9699993133545,207
1,8.23999977111816,25.4899997711182,0,165.179992675781,349
2,8.96000003814697,98.9199981689453,3,68.7099990844727,528
2,23.3700008392334,102.669998168945,0,63.0800018310547,899
3,79.4700012207031,104.569999694824,0,9.0600004196167,889
2,4.90000009536743,97.8000030517578,0,50.2999992370605,600
2,6.25,73.7300033569336,0,53.0400009155273,208
3,3.59999990463257,159.619995117188,0,122.379997253418,969
2,13.8999996185303,39.9599990844727,0,47.689998626709,250
1,2,32.9199981689453,0,4.94999980926514,203
2,87.0899963378906,98.7699966430664,0,53.9900016784668,726
2,76.8899993896484,104.699996948242,0,44.5099983215332,415
2,10.9300003051758,60.7799987792969,0,65.2600021362305,1042
2,51.7999992370605,81.1100006103516,0,117.410003662109,128
2,7.80000019073486,66.8099975585938,0,20.2000007629395,965
2,40.3300018310547,43.060001373291,2,86.2600021362305,475
2,59.4300003051758,139.440002441406,0,72.8300018310547,1045
1,8.19999980926514,61.1599998474121,0,48.560001373291,907
2,2.40000009536743,110.730003356934,1,59.6399993896484,925
2,52.9799995422363,95.8399963378906,0,148.270004272461,578
1,11.0299997329712,74.4700012207031,2,13.5100002288818,235
2,5.59999990463257,165.490005493164,2,27.4799995422363,706
2,4,85.1699981689453,3,19.5300006866455,1055
2,62.9199981689453,59.1599998474121,0,16.0100002288818,308
2,36.8499984741211,61.9300003051758,0,49.5900001525879,393
2,30.0599994659424,45.5400009155273,0,15.8400001525879,298
2,8.39000034332275,93.1600036621094,0,8.80000019073486,405
1,32.4700012207031,135.160003662109,2,205.639999389648,436
2,30.2999992370605,112.01000213623,1,124.910003662109,701
1,4,119.569999694824,1,30.1000003814697,406
2,3.6800000667572,73.7799987792969,0,5.32999992370605,162
1,51.1300010681152,31.3700008392334,0,71.6999969482422,545
2,12.3400001525879,97.0299987792969,0,137.490005493164,814
2,25.2900009155273,92.1699981689453,1,13.0100002288818,510
1,45.9900016784668,53.3499984741211,0,113.360000610352,544
1,13.4700002670288,25.6900005340576,0,22.0900001525879,41
2,19.9799995422363,76.1699981689453,0,98.4300003051758,410
2,28.8700008392334,43.5800018310547,0,20.9099998474121,290
2,14,143.339996337891,2,66.7900009155273,1649
2,19.5400009155273,30.3999996185303,0,29.7000007629395,208
2,8.89999961853027,21.0799999237061,0,61.7599983215332,449
2,17.5,108.529998779297,0,32.0900001525879,683
2,18.5900001525879,73.1100006103516,2,45.2299995422363,270
2,27.0599994659424,69.8499984741211,0,382.119995117188,1020
2,40.939998626709,63.7799987792969,0,182.570007324219,341
2,5.63000011444092,70.75,1,12.0600004196167,558
2,24.1499996185303,87.0500030517578,0,67.2200012207031,1168
1,22.8999996185303,29.2999992370605,0,23.1399993896484,505
2,40.5499992370605,123.669998168945,1,37.3899993896484,891
2,18.75,83.8300018310547,0,45.8800010681152,428
2,31.9500007629395,144.75,0,131.669998168945,987
2,44.9199981689453,63.2700004577637,1,21.9899997711182,336
2,14.9200000762939,39.439998626709,0,16.8500003814697,214
2,79.3300018310547,41.3300018310547,0,16.9500007629395,187
2,100.139999389648,222.199996948242,2,56.0999984741211,1204
2,41.1500015258789,98.8600006103516,1,122.069999694824,905
1,45.7799987792969,67.0999984741211,0,9.09000015258789,470
3,70,92.7799987792969,2,39.4900016784668,714
2,14.1300001144409,78.75,2,270.709991455078,706
3,5.55000019073486,82.5400009155273,0,43.2299995422363,514
2,39.3800010681152,139.300003051758,0,29.1499996185303,578
2,4.59999990463257,78.0400009155273,1,121.550003051758,292
2,16.4500007629395,96.6699981689453,1,19.1499996185303,508
3,53.4500007629395,216.800003051758,1,36.810001373291,1375
1,3.5,32.8300018310547,0,40.9799995422363,438
3,23.7900009155273,105.410003662109,0,43.6300010681152,546
2,102.129997253418,84.0999984741211,0,20.6200008392334,600
3,11,179.070007324219,2,92.8600006103516,1119
2,19.25,81.0800018310547,3,37.8800010681152,479
2,13.9899997711182,53.689998626709,0,69.8399963378906,474
2,10.0500001907349,165.699996948242,2,47.0400009155273,715
2,0.949999988079071,83.7200012207031,2,188.429992675781,605
2,17,170.199996948242,2,417.339996337891,1364
2,46.1399993896484,132.860000610352,0,351.230010986328,773
1,25.2000007629395,35.0999984741211,0,27.5799999237061,190
1,8,47.2900009155273,0,3.67000007629395,70
1,29.4400005340576,45.0400009155273,0,18,126
3,7.5,66.5299987792969,0,30.9400005340576,474
2,51.3800010681152,54.4700012207031,3,128.160003662109,502
2,10.8500003814697,145.600006103516,4,45.9900016784668,429
2,52.6300010681152,109.360000610352,2,41.7299995422363,824
2,57.7099990844727,255.25,2,40.5200004577637,842
2,29.0400009155273,123.76000213623,0,30.0400009155273,335
3,32.1399993896484,150.990005493164,2,254.660003662109,1109
3,53.7999992370605,121.870002746582,0,72.3399963378906,749
3,3,87.5500030517578,0,73.9499969482422,815
3,23.5900001525879,126.860000610352,1,141.149993896484,827
2,65.8099975585938,49.6599998474121,0,38.2799987792969,705
2,10.5,64.5999984741211,1,27.2800006866455,551
2,33.2999992370605,125.059997558594,2,89.1699981689453,881
1,30.6100006103516,72.5199966430664,0,10.3400001525879,293
2,15.1300001144409,101.48999786377,2,60.1500015258789,702
3,73.0599975585938,234.110000610352,2,62.75,665
2,49.5299987792969,95.379997253418,2,54.2099990844727,922
2,33.7599983215332,106.050003051758,2,11.1899995803833,994
2,16.4899997711182,123.629997253418,2,54.0900001525879,663
2,28.6399993896484,167.809997558594,3,94.1999969482422,801
3,34.4000015258789,197.899993896484,0,35,685
2,13.8000001907349,93.9400024414062,3,10.289999961853,1120
1,44.0800018310547,45.0499992370605,0,10.4899997711182,380
3,15.8500003814697,217.899993896484,1,493.5,1296
2,21.5300006866455,47.0999984741211,2,12.460000038147,754
2,61.5499992370605,84.2799987792969,0,43.0099983215332,756
2,43.5,98.4700012207031,0,167.080001831055,430
1,7.38000011444092,125.730003356934,0,3.6800000667572,139
2,59.3400001525879,87.7600021362305,0,22.5400009155273,366
2,46.4599990844727,103.559997558594,1,188.300003051758,454
2,12.9899997711182,77.7099990844727,0,12.2700004577637,200
3,43.0900001525879,97.7399978637695,0,86.8300018310547,886
2,36.6599998474121,38.3499984741211,0,27.6700000762939,1152
2,8.5,90.379997253418,0,14.4300003051758,748
2,99.3000030517578,135.589996337891,0,29.4899997711182,1275
1,25.8199996948242,86.629997253418,0,16.6299991607666,828
2,40.5999984741211,188.690002441406,2,86.120002746582,621
3,19.2299995422363,168.070007324219,2,35.939998626709,1174
2,89.0599975585938,133.770004272461,1,1.89999997615814,396
2,55.7700004577637,138.889999389648,1,58.4799995422363,745
1,4.80000019073486,42.8600006103516,0,41.6800003051758,301
3,32.3800010681152,120.5,0,266.390014648438,685
1,0.579999983310699,45.9500007629395,0,47.5,322
2,77.7699966430664,170.550003051758,0,74.2799987792969,972
2,164.639999389648,164.559997558594,0,26.8700008392334,852
1,4.38000011444092,36.6800003051758,0,5.5,124
1,7.25,24.7700004577637,0,40.2999992370605,549
2,27.3199996948242,103.860000610352,2,114.720001220703,858
2,18.2000007629395,132.089996337891,2,41.5299987792969,827
2,26.0499992370605,154.75,3,127.190002441406,665
2,14.6499996185303,146.839996337891,3,260.989990234375,1026
3,37.2700004577637,142.800003051758,1,7.67000007629395,491
2,14.6099996566772,94.4599990844727,2,61.6399993896484,556
2,33.3800010681152,64.0100021362305,0,15.9099998474121,125
3,8.5,125.25,0,126.720001220703,1641
2,27.25,48.9000015258789,0,18.1299991607666,195
2,0.550000011920929,80.8000030517578,2,41.3400001525879,1182
2,5.71999979019165,63.75,0,58.939998626709,750
2,74.9800033569336,226.789993286133,0,139.119995117188,2141
2,30.8099994659424,110.980003356934,2,53.5699996948242,738
1,29.6000003814697,20.3899993896484,0,4.1399998664856,238
1,2.49000000953674,40.9500007629395,0,36.4700012207031,143
3,35.9099998474121,84.2200012207031,0,45.9599990844727,332
2,19.3099994659424,118.51000213623,0,29.3700008392334,208
2,18.2999992370605,50.9799995422363,0,3.79999995231628,274
2,16.4400005340576,53.1699981689453,3,65.75,310
2,22.7999992370605,79.2600021362305,1,31.5599994659424,278
2,41.1800003051758,104.300003051758,0,32.810001373291,564
2,6.25,136.770004272461,2,60.4799995422363,1010
2,28.8700008392334,102.970001220703,2,35.6100006103516,890
2,10,54.4000015258789,2,54.3400001525879,410
2,21.3500003814697,69.4700012207031,0,246.600006103516,617
1,21.3999996185303,58.5099983215332,0,27.4300003051758,529
3,95.5100021362305,87.3199996948242,1,4.05999994277954,604
3,5.25,88.1800003051758,2,67.379997253418,1143
2,28.7999992370605,35.1399993896484,0,55.8600006103516,234
2,21.5599994659424,52.689998626709,1,31.4099998474121,667
2,44.439998626709,95.3600006103516,0,148.190002441406,1217
2,7.5,93.0400009155273,0,51.0299987792969,503
2,3,80.5599975585938,2,54.2099990844727,818
1,2.94000005722046,23.1299991607666,0,138.820007324219,409
3,16.1200008392334,142.630004882812,2,242.610000610352,1207
2,50.2700004577637,75.5100021362305,0,65.1999969482422,1183
1,13.3999996185303,47.1199989318848,1,27.7600002288818,162
1,12.0299997329712,41.2900009155273,0,44.9799995422363,136
2,59.9700012207031,300.049987792969,1,201.309997558594,867
3,71.2600021362305,142.520004272461,1,167.869995117188,1338
1,29.7800006866455,56.5099983215332,0,33.8600006103516,613
3,65.8000030517578,22.0799999237061,0,55.2000007629395,589
2,26.7199993133545,90.6500015258789,2,254.240005493164,414
2,8,50.0900001525879,2,24.0599994659424,998
2,8.88000011444092,50.2700004577637,0,28.4300003051758,398
3,77.6600036621094,105.01000213623,0,36.2900009155273,885
3,2.94000005722046,66.7799987792969,0,46.8400001525879,1077
2,9.85000038146973,139.369995117188,2,19.7900009155273,610
1,3.25,22.8600006103516,0,2.5,128
3,55.0800018310547,152.240005493164,1,57.3300018310547,1016
2,27.3400001525879,141.130004882812,2,74.1500015258789,970
2,46.5800018310547,79.1100006103516,0,92.5400009155273,210
2,2,106.279998779297,0,107.379997253418,615
2,30.3299999237061,53.6199989318848,0,25.7800006866455,958
3,19.1100006103516,192.979995727539,1,46.7999992370605,1420
2,30.1499996185303,122,0,414.769989013672,648
3,25,90.3300018310547,0,58.1199989318848,630
2,28.2800006866455,52.6500015258789,0,44.4199981689453,861
3,184.979995727539,134.649993896484,2,78.7600021362305,712
2,1.60000002384186,145.080001831055,2,28.4799995422363,1658
2,99.9000015258789,162.820007324219,0,159.320007324219,775
2,6.42999982833862,87.2200012207031,0,311.260009765625,880
2,21.0699996948242,141.029998779297,1,72.8099975585938,866
3,104.76000213623,158.580001831055,0,88.25,1514
1,21.1000003814697,413.079986572266,0,228.899993896484,974
3,17.9799995422363,117.400001525879,0,22.9799995422363,852
1,21.0100002288818,59.4000015258789,0,6.98000001907349,365
1,3.98000001907349,49.1500015258789,0,17.1900005340576,224
2,19.2299995422363,194.339996337891,4,160.279998779297,1307
2,43.0499992370605,107.879997253418,2,92.7600021362305,835
2,7.84999990463257,49.3800010681152,0,14.1000003814697,226
1,55.0800018310547,26.0200004577637,0,36.1399993896484,548
3,13.6499996185303,91.1500015258789,0,42.5999984741211,366
1,31.9599990844727,29.0400009155273,0,55.2299995422363,145
1,2.75,62.9300003051758,1,19.1800003051758,165
2,67.2300033569336,90.7099990844727,0,117.540000915527,728
1,17.8199996948242,24.4400005340576,0,1.36000001430511,122
2,33.2099990844727,102.519996643066,2,20.4799995422363,832
2,14,124.349998474121,0,263.029998779297,54
1,11.6899995803833,99.5400009155273,1,31.1499996185303,154
2,19.5,124.01000213623,1,41.1599998474121,723
2,55.9300003051758,195.470001220703,2,444.329986572266,1031
2,32.6500015258789,80.870002746582,0,11.0799999237061,239
1,8.89000034332275,35.4900016784668,1,136,189
2,12.25,44.5999984741211,0,317.549987792969,230
2,29.4300003051758,103.160003662109,2,80.5800018310547,1400
2,22.3999996185303,156.479995727539,3,0.379999995231628,1862
3,67.8000030517578,95.629997253418,0,23.1399993896484,952
2,149.869995117188,121.809997558594,0,45.0099983215332,1003
2,19.9799995422363,91.379997253418,2,59.7599983215332,694
2,19.2199993133545,40.060001373291,3,46.310001373291,452
3,6.90000009536743,105.169998168945,0,38.8199996948242,551
2,51.9900016784668,199.919998168945,0,43.8499984741211,804
2,24.4200000762939,112.480003356934,4,39.1300010681152,423
2,18.2099990844727,138.169998168945,3,178.509994506836,1401
1,13.3599996566772,30.8299999237061,0,20.1399993896484,462
2,57.2299995422363,47.2999992370605,1,77.9000015258789,383
2,78.25,53.2999992370605,0,28.4899997711182,216
1,122.080001831055,43.0400009155273,0,12.0500001907349,690
2,13.460000038147,86.1600036621094,2,9.52000045776367,1043
2,6.42999982833862,93.3399963378906,3,89.870002746582,778
1,0.769999980926514,37.5800018310547,0,264.609985351562,148
1,7,26.5400009155273,0,14.3199996948242,130
1,14.0299997329712,29.5499992370605,0,156.229995727539,576
3,20.6000003814697,169.490005493164,0,105.129997253418,1144
3,8.25,247.899993896484,3,264.089996337891,987
2,32.1399993896484,131.5,3,74.0999984741211,1109
2,15.5500001907349,111.110000610352,0,72.1699981689453,1035
1,82.6500015258789,53.9099998474121,0,18.7099990844727,549
1,15.6499996185303,62.6500015258789,1,71.2799987792969,403
2,47.9700012207031,131.929992675781,1,84.6999969482422,871
3,26.0100002288818,186.869995117188,1,210.690002441406,1104
1,36.25,114.330001831055,0,10.3900003433228,768
2,14.3699998855591,97.2200012207031,0,41.4599990844727,745
1,13.2799997329712,66.4700012207031,0,282.549987792969,502
1,8.5,43.4500007629395,1,86.9300003051758,316
2,4.17999982833862,87.8399963378906,0,352.149993896484,257
1,5.98999977111816,33.2599983215332,0,16.6100006103516,143
2,57.810001373291,104.75,0,32.2099990844727,933
2,55.7900009155273,54.9199981689453,0,28.6399993896484,220
2,21.7399997711182,54.560001373291,2,30.4300003051758,480
2,4.15000009536743,92.2099990844727,0,47.8300018310547,222
2,33.25,131.160003662109,0,412.920013427734,1242
2,16.3999996185303,130.020004272461,2,20.9899997711182,1632
2,26.4899997711182,87.379997253418,0,191.880004882812,240
1,5.25,27.0200004577637,0,119.120002746582,42
2,74.0699996948242,162.020004272461,2,19.1000003814697,457
2,18.75,115.550003051758,0,16.0900001525879,957
3,10.6000003814697,75.9199981689453,0,135.460006713867,1363
2,12.5500001907349,197.320007324219,3,600.940002441406,525
1,27.6000003814697,80.1999969482422,0,7.75,139
2,10.0500001907349,32.1800003051758,0,16.9099998474121,256
2,10.3000001907349,73.75,0,64.6500015258789,663
1,16.8999996185303,83.4000015258789,0,31.1700000762939,540
2,58.3800010681152,70.9400024414062,0,26.5200004577637,316
1,17.1499996185303,59.689998626709,0,20.7099990844727,391
3,2.0699999332428,135.979995727539,0,48.0099983215332,918
2,9.22999954223633,22.2299995422363,2,67.379997253418,1098
3,6.98000001907349,141.839996337891,1,192.529998779297,763
2,11.5,270.160003662109,0,42.3699989318848,799
1,15.1899995803833,58.5,0,25,785
2,25.8299999237061,100.319999694824,1,10.6400003433228,1148
2,3.75,139.639999389648,0,210.100006103516,1654
2,48.2700004577637,97.2300033569336,1,27.9799995422363,677
1,6.71000003814697,89.2099990844727,2,266.170013427734,629
2,17.6299991607666,118.319999694824,0,37.7000007629395,651
1,63.6599998474121,89.3300018310547,0,10.9899997711182,483
3,8.88000011444092,145.820007324219,0,172.330001831055,2059
2,49.3499984741211,154.699996948242,3,19.4799995422363,289
2,14.4799995422363,148.190002441406,0,293.170013427734,491
2,31.8600006103516,93.4000015258789,0,130.880004882812,582
2,8,146.309997558594,3,72.6999969482422,780
1,2,48.7299995422363,0,9.81999969482422,148
2,99.3000030517578,75.0299987792969,0,53.9900016784668,1040
2,34.7400016784668,128.009994506836,0,37.7400016784668,237
3,2.70000004768372,184.289993286133,0,28.0499992370605,848
2,2.79999995231628,58.9000015258789,0,8,306
3,107.559997558594,187.990005493164,2,58.560001373291,1219
3,8.5,112.809997558594,0,98.6699981689453,936
1,11.8500003814697,71.6500015258789,0,40,361
2,14.3500003814697,101.160003662109,2,8.6899995803833,842
2,5,50.5200004577637,0,564.099975585938,576
2,45.6599998474121,120.400001525879,1,25.6800003051758,487
3,32.7999992370605,71.3600006103516,1,92.370002746582,737
2,15,175.600006103516,2,45.75,908
1,107.720001220703,34.0800018310547,0,50.189998626709,154
2,24.3400001525879,101.230003356934,0,6.42000007629395,308
2,37.4599990844727,71.75,3,163.809997558594,737
2,12.6899995803833,65.5199966430664,2,32.7599983215332,630
2,15.9899997711182,44.5299987792969,0,55.3499984741211,1432
2,22.25,62.3699989318848,0,15.2799997329712,296
1,61.1599998474121,76.6900024414062,0,46.1199989318848,1567
2,7.65000009536743,44.9700012207031,0,19.8899993896484,215
1,8.75,41.9700012207031,0,8.88000011444092,125
2,55.5800018310547,74.0400009155273,0,32.4199981689453,525
2,27.6700000762939,66.379997253418,0,30.1399993896484,244
2,41.5099983215332,121.300003051758,2,84.3000030517578,835
1,24.0300006866455,68.629997253418,0,29.9799995422363,501
2,17.6499996185303,100.379997253418,0,127.470001220703,648
3,8.27999973297119,131.080001831055,3,80.1500015258789,446
2,16.2399997711182,45.689998626709,0,22.6700000762939,254
2,5.69999980926514,27.3799991607666,0,66.8499984741211,753
2,14.6300001144409,95.0500030517578,0,26.6599998474121,1817
1,25.4799995422363,61.6599998474121,0,3.16000008583069,463
2,11,77.6600036621094,3,64.6399993896484,541
1,22.6800003051758,41.1399993896484,0,30.75,205
3,4.51999998092651,133.160003662109,2,156.279998779297,780
2,12.75,96.4800033569336,2,392.549987792969,1137
2,6.51999998092651,107.01000213623,2,35.1199989318848,699
2,28.7299995422363,85.2099990844727,2,349.380004882812,487
2,18.9899997711182,70.6500015258789,3,27.2299995422363,838
2,33.4000015258789,76.4400024414062,0,152.520004272461,328
1,14.8400001525879,38.8600006103516,0,6.59999990463257,143
2,47.9000015258789,136.470001220703,3,51.7000007629395,1130
2,25.2600002288818,87.9100036621094,1,411.200012207031,1042
2,2.40000009536743,121.389999389648,2,70.9800033569336,1142
2,87.8000030517578,90.6999969482422,1,16.6299991607666,969
2,3.20000004768372,66.1100006103516,0,270.450012207031,891
2,9.75,134.649993896484,2,51.8899993896484,589
1,10.1199998855591,74.0199966430664,2,0.200000002980232,215
2,38.5099983215332,124.580001831055,3,40.0299987792969,345
2,1.64999997615814,64.5599975585938,0,31.4799995422363,384
2,3.95000004768372,69.0199966430664,0,23.7600002288818,562
1,84.0500030517578,71.9899978637695,0,35.9900016784668,280
2,74.0199966430664,117.410003662109,1,170.5,1092
2,17.8999996185303,133.449996948242,0,0.0299999993294477,675
2,19.0699996948242,149.470001220703,2,25.7000007629395,1003
2,36.8800010681152,81.3099975585938,0,43.060001373291,589
2,14.9799995422363,51.1100006103516,0,23.8600006103516,248
2,156.690002441406,92.9400024414062,0,75.9800033569336,468
2,14.1199998855591,77.1999969482422,2,346.170013427734,670
2,59.7000007629395,77.0299987792969,1,45.0900001525879,351
2,42.0200004577637,55.1500015258789,0,40.0499992370605,393
2,19.3999996185303,60.1399993896484,0,16.4300003051758,185
2,11.9799995422363,137.75,2,41.4599990844727,416
2,74.8499984741211,85.2600021362305,2,25.3299999237061,556
2,27.4799995422363,80.3300018310547,1,6.65000009536743,463
2,28.4699993133545,52.6500015258789,0,25.9400005340576,183
1,24.5499992370605,27.0200004577637,0,1.85000002384186,160
1,1.75,74.4100036621094,0,31.0400009155273,643
2,20.2600002288818,97.5699996948242,2,203.75,901
1,18.2000007629395,29.1900005340576,0,32.439998626709,125
2,24.6499996185303,81.4100036621094,2,0.370000004768372,724
2,1.69000005722046,98.9199981689453,2,39.7200012207031,889
2,56.6599998474121,91.2399978637695,2,47.6300010681152,723
1,18.2800006866455,66.8000030517578,1,14.2799997329712,185
2,0.899999976158142,50.5699996948242,0,13.2799997329712,760
2,4.80000019073486,86.4700012207031,2,36.0499992370605,606
2,57.7700004577637,111.589996337891,0,16.8700008392334,702
3,18.0400009155273,108.25,3,32.1199989318848,1134
2,107.800003051758,194.190002441406,0,56.8499984741211,424
1,3,40.439998626709,0,3,130
2,74.9100036621094,141.130004882812,2,69.8899993896484,1229
1,7.73999977111816,59.25,0,3.61999988555908,159
2,8.89000034332275,64.9100036621094,0,22.2700004577637,885
2,62.25,331.829986572266,0,16.0900001525879,161
3,2.48000001907349,113.839996337891,0,67.6600036621094,1453
1,23.7999992370605,194.649993896484,1,232.039993286133,76
2,6.32999992370605,80.9300003051758,1,92.5500030517578,579
2,34.439998626709,71,0,70.3399963378906,421
2,12,157.309997558594,0,24.8299999237061,200
2,3,156.020004272461,2,25.0300006866455,370
2,10.8800001144409,100.580001831055,2,390.910003662109,1088
2,2.40000009536743,54.9199981689453,2,3.3199999332428,628
2,24,56.25,2,42.7700004577637,329
2,2,45.6500015258789,0,17.8999996185303,281
2,14.1700000762939,73.5699996948242,0,261.140014648438,740
3,20.2000007629395,95.7900009155273,0,237.720001220703,713
3,9.25,55.0800018310547,0,70.3000030517578,320
2,35.9500007629395,92.6800003051758,2,45.1599998474121,231
2,23.6200008392334,93.1100006103516,1,27.9400005340576,727
2,60.2799987792969,124.930000305176,3,226.75,1179
2,48.1800003051758,48.5400009155273,0,43.7200012207031,224
2,1.25,83.1500015258789,0,40.5999984741211,861
2,11.1499996185303,41.9700012207031,0,291.529998779297,387
3,11.8100004196167,150.020004272461,2,32,850
2,31.2900009155273,165.419998168945,2,21,444
2,89.0599975585938,96.6800003051758,0,304.160003662109,472
2,52.7700004577637,144.149993896484,3,85.5999984741211,560
2,52.75,102.680000305176,2,47.1599998474121,1269
1,16.1100006103516,47.7700004577637,0,19.1100006103516,428
1,20.5,23.6599998474121,1,16.4200000762939,152
2,36.2400016784668,49.9000015258789,0,17.4099998474121,200
3,14.1000003814697,128.970001220703,1,205.910003662109,1467
3,57.8400001525879,76.9000015258789,0,181.529998779297,832
3,4.40000009536743,91.7600021362305,0,310.75,243
1,10.7799997329712,78.9199981689453,0,82.8099975585938,104
2,3,181.380004882812,3,211.800003051758,993
2,61.8800010681152,90.2900009155273,0,67.8899993896484,610
2,7.75,202.960006713867,2,66.8199996948242,382
2,32.9900016784668,98.5800018310547,0,89.3899993896484,845
3,36.2999992370605,90.7099990844727,0,78.8899993896484,898
2,23.1800003051758,121.26000213623,1,79.1999969482422,429
2,2.5,76.4899978637695,0,165.5,236
1,8.60999965667725,54.9700012207031,3,15.8999996185303,397
1,24.2099990844727,91.9599990844727,0,244.779998779297,465
2,4.65000009536743,75.25,0,35.5900001525879,575
3,51.1500015258789,255.279998779297,0,371.579986572266,819
1,26.0900001525879,26,0,9.22999954223633,579
3,59.8899993896484,133.080001831055,1,64.4300003051758,1109
2,12.7700004577637,109.849998474121,0,65.4700012207031,688
1,19.3299999237061,29.4899997711182,0,1.20000004768372,232
2,23.75,101.5,1,94.3099975585938,898
2,2.77999997138977,83.5100021362305,0,12.789999961853,244
2,100.540000915527,93.3399963378906,0,79.1500015258789,721
3,7.5,88.9300003051758,0,16.2600002288818,642
2,6.63000011444092,122.569999694824,3,49.9300003051758,939
2,18.1000003814697,145,2,57.6300010681152,392
2,138.470001220703,43.8499984741211,0,26.1399993896484,493
2,24.9799995422363,605.109985351562,2,350.179992675781,1035
2,17.1000003814697,75.3399963378906,2,59,318
2,36.1599998474121,110.540000915527,0,169.149993896484,918
1,31.4300003051758,26.7800006866455,0,24.4300003051758,108
1,10.6499996185303,23.7000007629395,0,52.439998626709,712
1,20.5799999237061,38.4599990844727,0,32.3899993896484,450
2,136.149993896484,143.080001831055,0,43.1699981689453,995
1,7.30000019073486,80.4700012207031,2,69.8399963378906,621
2,24.6800003051758,84.0299987792969,0,43.9799995422363,346
2,15.0200004577637,29.0300006866455,0,46.2900009155273,719
2,31.4099998474121,93.5699996948242,0,52.5999984741211,1331
2,0.25,86.3499984741211,2,28.3700008392334,775
2,12.7799997329712,88.6100006103516,3,75.2900009155273,995
2,20.8799991607666,128.869995117188,2,67.3000030517578,1218
2,21.0499992370605,134.940002441406,1,90.8399963378906,741
2,21.5799999237061,59.6199989318848,0,30.0799999237061,578
1,0.75,40.4199981689453,0,14.0900001525879,306
1,17.2999992370605,36.310001373291,0,2.52999997138977,120
1,37.8300018310547,29.1399993896484,0,36.7400016784668,421
2,6.3600001335144,55.5200004577637,0,12.2799997329712,201
2,10.4499998092651,95.3300018310547,2,89.2600021362305,244
2,19.0499992370605,83.2699966430664,2,51.5,957
2,35.7999992370605,165.529998779297,1,39.2299995422363,497
1,45.7400016784668,51.75,0,34.4500007629395,234
2,62.5,181.350006103516,1,104.220001220703,582
2,9.80000019073486,119.709999084473,2,48,379
2,37.4900016784668,45.060001373291,0,24.6000003814697,525
3,11.5500001907349,52.5099983215332,0,22.6000003814697,953
2,7.23000001907349,79.9300003051758,2,83.870002746582,469
2,14.3999996185303,60.6800003051758,0,9.10999965667725,1042
2,3.75,55.7099990844727,0,25.8899993896484,263
3,44.2999992370605,137.330001831055,2,70.0299987792969,766
2,18.0300006866455,77.0400009155273,0,30.0499992370605,269
3,122.190002441406,242.5,0,32.2900009155273,1474
1,80.2600021362305,45.939998626709,0,38.4900016784668,320
2,42.2200012207031,93.3199996948242,0,104.25,1029
3,41.6800003051758,101.76000213623,0,72.8899993896484,1334
1,79.3199996948242,99.5500030517578,0,16.0599994659424,677
2,183.25,96.4100036621094,0,1.02999997138977,510
2,57.2999992370605,40.4900016784668,0,28.6599998474121,244
2,11.1700000762939,111.669998168945,0,42.5699996948242,620
3,80.0299987792969,139.490005493164,0,109.470001220703,667
2,108.150001525879,82.6900024414062,1,37.6399993896484,789
2,7.05000019073486,63.6300010681152,0,174.889999389648,957
3,17.0300006866455,167.240005493164,3,169.210006713867,705
2,16.4200000762939,85.1800003051758,2,29.3299999237061,476
3,42.5900001525879,181.679992675781,1,37.6399993896484,709
2,9.34000015258789,53.4700012207031,0,34.5499992370605,130
2,14.8800001144409,68.4400024414062,2,275.079986572266,908
2,3,63.9300003051758,0,18.3199996948242,216
2,12.8599996566772,143.649993896484,2,53.6100006103516,1609
2,55.1199989318848,129.039993286133,1,3.07999992370605,489
2,17.7399997711182,87.370002746582,2,6.17999982833862,227
2,43.2599983215332,83.1600036621094,0,22.9300003051758,673
2,45.2700004577637,105.610000610352,3,274.040008544922,969
2,26.6499996185303,83.9199981689453,1,60.439998626709,667
2,2,159.949996948242,2,250.190002441406,117
2,32.4500007629395,222.360000610352,0,3.34999990463257,524
3,24.2999992370605,83.7399978637695,0,82.4199981689453,1324
2,2.88000011444092,112.01000213623,3,231.960006713867,1095
2,67.3399963378906,129.940002441406,0,62.1300010681152,752
3,7.78999996185303,116.029998779297,2,97.5100021362305,1337
1,9.82999992370605,44.1300010681152,0,46.9799995422363,270
2,11,111.529998779297,2,66.7699966430664,1320
2,24.1499996185303,72.5299987792969,0,91.0999984741211,256
3,138.910003662109,91.3600006103516,0,173.210006713867,1672
1,36.5699996948242,50.9799995422363,0,33.0400009155273,410
2,6.5,131.740005493164,2,50.2799987792969,1693
2,50.4500007629395,132.809997558594,3,84.0800018310547,522
3,73.75,226.949996948242,2,61.1500015258789,1126
2,44.8699989318848,126.73999786377,0,50.9799995422363,1133
2,36.3300018310547,129.559997558594,0,64.5899963378906,1199
1,26.7399997711182,28.5900001525879,0,49.9599990844727,155
2,2.9300000667572,112.849998474121,0,331.799987792969,1174
2,40.7599983215332,56.1300010681152,0,28.9500007629395,427
1,3.90000009536743,35.6100006103516,1,18.7199993133545,191
2,8.43000030517578,96.7900009155273,2,17.4599990844727,571
2,76.9800033569336,51.3699989318848,0,22.3799991607666,174
3,49.4500007629395,157.820007324219,0,110.319999694824,807
2,12,55.6500015258789,2,1.79999995231628,397
2,9.22000026702881,173.020004272461,2,228.360000610352,768
2,9.77000045776367,63.9300003051758,3,9.07999992370605,544
1,19.75,107.319999694824,0,32.8300018310547,473
1,29.8199996948242,82.7200012207031,1,17.2000007629395,165
1,64,54.4199981689453,0,33.8899993896484,451
2,23.0300006866455,107.169998168945,3,8.30000019073486,466
1,15.2399997711182,40.0699996948242,2,44.1199989318848,214
2,21,34.1199989318848,0,17.6900005340576,1125
3,87.9499969482422,162.929992675781,1,108.73999786377,806
2,30.2299995422363,42.1800003051758,1,16.7199993133545,255
2,1.63999998569489,88.870002746582,1,32.7099990844727,467
3,30.5,93.3300018310547,0,61.6300010681152,831
1,3.73000001907349,48.189998626709,0,24.1200008392334,482
2,74.5999984741211,46.1100006103516,0,14.0799999237061,248
2,145.029998779297,71.9199981689453,2,67.5100021362305,987
2,32.1399993896484,57.9599990844727,0,64.129997253418,765
2,26.2000007629395,87,1,10.6999998092651,157
2,83.1999969482422,76.1600036621094,0,15.6099996566772,1416
1,66.4199981689453,49.4300003051758,0,31.7900009155273,412
1,83.9800033569336,123.269996643066,0,10.9799995422363,697
2,9.63000011444092,181.800003051758,3,19.3999996185303,1359
1,33.3400001525879,24.8400001525879,0,12.2399997711182,699
2,5.46000003814697,103.379997253418,2,52.5999984741211,595
2,19.9599990844727,59.6399993896484,0,58.5900001525879,236
2,28.25,115.410003662109,0,400.980010986328,673
2,58.1500015258789,148.300003051758,0,141.639999389648,1058
3,63.1699981689453,126.419998168945,2,105.860000610352,880
1,63.4599990844727,103.319999694824,0,17.8099994659424,684
2,16.5,106.769996643066,1,59.560001373291,437
3,32.689998626709,122.370002746582,1,329.519989013672,979
2,25.3799991607666,129.110000610352,1,80.9599990844727,417
3,119.980003356934,186.860000610352,0,305.299987792969,1359
2,15.0500001907349,66.5100021362305,1,14.1499996185303,277
2,74.3399963378906,174.070007324219,2,52.2299995422363,1314
2,0.850000023841858,118.580001831055,4,40.8899993896484,442
2,17.3799991607666,78.4499969482422,0,87.8899993896484,210
2,3,132.929992675781,1,46.3800010681152,837
3,1.29999995231628,62.0200004577637,0,383.359985351562,1257
3,16.9300003051758,164.610000610352,2,142.600006103516,623
2,20.9500007629395,44.8300018310547,0,56.3199996948242,600
3,44.7000007629395,271.510009765625,0,54.4799995422363,706
2,10.25,55.1500015258789,0,5.71000003814697,223
3,67.4599990844727,122.449996948242,0,22.7800006866455,903
2,68.9800033569336,122.220001220703,1,51.2299995422363,630
2,45.1399993896484,149.059997558594,3,306.339996337891,425
3,161.880004882812,197.149993896484,0,40.4300003051758,1333
2,3.84999990463257,157.369995117188,2,10.9200000762939,1796
3,89.2200012207031,158.479995727539,1,40.810001373291,1089
2,27.8500003814697,108.910003662109,2,56.5,1147
2,41.8600006103516,110.5,1,6,444
2,21.6299991607666,175.169998168945,3,32.8699989318848,932
3,6.63000011444092,149.410003662109,1,40.8899993896484,670
2,143.990005493164,107.459999084473,0,186.529998779297,922
2,45.2700004577637,90.5699996948242,3,39.3600006103516,562
2,22.5200004577637,41.4099998474121,0,18.7900009155273,213
2,12.6400003433228,35.2099990844727,0,26.9699993133545,536
2,51.9900016784668,60.189998626709,0,3.5,262
2,8,76.4100036621094,0,4.30000019073486,832
2,36.5499992370605,126.050003051758,1,78.5100021362305,1271
3,5.80000019073486,231.080001831055,1,239.300003051758,1395
2,2.75999999046326,104.720001220703,1,24.7900009155273,944
2,50.4799995422363,99.9899978637695,1,47.1500015258789,221
1,41.2000007629395,24.5300006866455,1,4.23999977111816,279
2,21.8700008392334,184.149993896484,2,41.5699996948242,696
2,97.5400009155273,106.959999084473,2,22.7700004577637,820
3,47.7700004577637,103.900001525879,0,260.380004882812,646
2,1.85000002384186,62.1199989318848,0,9.84000015258789,497
2,8.55000019073486,35.6500015258789,2,38.3699989318848,477
1,19.3999996185303,109.410003662109,0,170.610000610352,403
2,126.629997253418,94.5500030517578,1,42.9500007629395,171
2,138.360000610352,126.819999694824,0,47.3300018310547,1369
2,22.5,83.9000015258789,1,3.82999992370605,935
2,20.5499992370605,96.7399978637695,1,30.1700000762939,624
2,41.8400001525879,169.940002441406,1,75.0999984741211,1141
2,4,67.7099990844727,0,62.6100006103516,511
2,103.01000213623,133.630004882812,0,193.710006713867,920
2,27.0100002288818,130.380004882812,0,187.149993896484,1270
2,1.25,83.1500015258789,1,68.0500030517578,865
3,16.3099994659424,58.9700012207031,0,87.0899963378906,337
3,36.5999984741211,77.0500030517578,1,36.6699981689453,895
2,27.9500007629395,119.360000610352,0,19.5599994659424,733
3,30.3600006103516,78.7900009155273,0,74.4400024414062,470
2,5,121.209999084473,1,40.5900001525879,394
2,22.6900005340576,117.269996643066,2,94.9499969482422,1497
2,29.4099998474121,104.129997253418,1,110.370002746582,706
2,26.0499992370605,90.5,1,184.619995117188,914
2,14.9799995422363,57.6100006103516,0,95.0999984741211,760
2,18.0499992370605,65.0299987792969,0,3,222
3,26.2999992370605,175.850006103516,2,62.939998626709,620
2,22.5,45.4599990844727,2,24.6900005340576,485
1,7,38.0900001525879,0,44.310001373291,123
2,29.5799999237061,69.3000030517578,0,55.1300010681152,190
3,53.7000007629395,78.9599990844727,0,254.759994506836,713
2,25.0300006866455,108.330001831055,3,296.609985351562,397
2,53.5299987792969,177.660003662109,3,238.479995727539,763
3,9,80.6999969482422,1,97.2099990844727,1212
2,17,71.1600036621094,2,27.9099998474121,932
2,22.1299991607666,38.4099998474121,0,21.7900009155273,242
2,2.5,133.410003662109,0,55.0999984741211,218
3,55.4900016784668,131.940002441406,0,101.98999786377,1612
2,15.539999961853,55.7099990844727,0,19.3799991607666,300
2,35.7599983215332,183.929992675781,2,53.9500007629395,686
3,4.94999980926514,92.0699996948242,0,76.2799987792969,324
2,27.2000007629395,43.7999992370605,0,59,361
1,41.6800003051758,99.1800003051758,2,15.3100004196167,664
2,31.6599998474121,23.2000007629395,0,13.2799997329712,337
2,2.5,48.9300003051758,0,11.7200002670288,240
3,75.5500030517578,73.5599975585938,0,231.039993286133,755
2,61.4099998474121,59.3300018310547,0,32.9500007629395,958
3,111.730003356934,112.430000305176,0,270.600006103516,880
2,7.71999979019165,59.5900001525879,1,13.3199996948242,511
2,762.669982910156,130.529998779297,2,9.22000026702881,1073
2,4.65000009536743,75.4599990844727,0,152.529998779297,452
1,41.7400016784668,46.6800003051758,0,9.03999996185303,116
1,8.5,24.1000003814697,0,38.25,345
2,2.47000002861023,99.9899978637695,2,65.9300003051758,254
2,33.9000015258789,35.2999992370605,0,17.2299995422363,249
2,2.25,149.259994506836,0,28.2999992370605,602
1,10.4799995422363,68.0299987792969,0,108.23999786377,1331
3,1.25,30.9500007629395,1,8.4399995803833,719
1,8.5,67.0199966430664,0,22.9200000762939,699
2,26,114.069999694824,1,23.0400009155273,652
1,30.1299991607666,20.0200004577637,0,1.20000004768372,398
3,53.3499984741211,130.429992675781,0,321.630004882812,849
2,21.1000003814697,82,2,42.8499984741211,489
2,9.75,157.75,2,160.300003051758,1080
2,8.85000038146973,89.8600006103516,2,26.6599998474121,498
2,26.5,114.860000610352,1,80.9199981689453,602
2,7.80999994277954,86.7799987792969,1,25.4699993133545,1417
1,1.25,51.0099983215332,0,74.5800018310547,345
2,2,121.620002746582,0,28.9099998474121,335
3,90.4100036621094,156.880004882812,0,315.309997558594,302
2,34.75,340.420013427734,2,295.109985351562,1526
2,12.1499996185303,101.160003662109,0,61.2999992370605,879
2,54,57.8800010681152,0,37.2099990844727,385
3,57.8300018310547,58.0200004577637,0,132.789993286133,313
2,34.0499992370605,251.149993896484,2,61.6300010681152,1497
3,13.3999996185303,97.1699981689453,0,211.839996337891,797
2,4,94.0500030517578,2,117.540000915527,982
2,8.5,64.1100006103516,0,20.3500003814697,228
1,16.9699993133545,102.480003356934,1,25.3999996185303,327
3,19.9899997711182,112.550003051758,0,53.939998626709,1029
2,46.7400016784668,125.459999084473,3,300.339996337891,1111
2,29.1800003051758,46.1399993896484,0,29.1900005340576,392
3,28.9699993133545,214.639999389648,1,45.2999992370605,977
2,5.40000009536743,82.5299987792969,2,39.7700004577637,657
2,51.9300003051758,185.410003662109,2,21.2099990844727,965
2,16.8799991607666,118.5,1,26.5699996948242,1224
2,49.5400009155273,127.569999694824,1,24.5599994659424,783
2,25.1499996185303,122.540000915527,0,48.4300003051758,1130
2,2.79999995231628,93.5299987792969,3,30.6599998474121,618
1,6.92999982833862,23.6900005340576,1,20.6100006103516,197
3,5,62.1300010681152,0,10.3199996948242,899
1,7.80000019073486,28.0300006866455,0,24.9400005340576,497
1,10,207.429992675781,3,27.8700008392334,239
3,3.66000008583069,89.9000015258789,0,72.25,569
2,4.25,108.819999694824,2,354.160003662109,855
3,51.9799995422363,195.410003662109,0,125.120002746582,1135
2,82.6800003051758,184.410003662109,2,42.2000007629395,2340
2,9.44999980926514,43.1500015258789,1,31.8899993896484,389
2,121.190002441406,43.6100006103516,0,119.919998168945,703
1,4,39.8199996948242,0,105.690002441406,277
2,1.12999999523163,82.6100006103516,2,6.23999977111816,387
2,33.1199989318848,78.4899978637695,1,43.689998626709,622
2,6.19999980926514,126.110000610352,2,133.960006713867,846
2,2.59999990463257,159.880004882812,0,26.5799999237061,1122
2,59.25,135.570007324219,1,122.580001831055,1308
2,3.79999995231628,66.120002746582,0,73.9599990844727,895
2,3,66.7200012207031,0,81.1999969482422,755
2,63.939998626709,80.75,1,282.5,712
1,2.54999995231628,61.2000007629395,0,45.9500007629395,111
2,3,86.1800003051758,3,26.5799999237061,301
2,8.8100004196167,66.129997253418,0,53.1699981689453,477
2,4.84999990463257,49.6599998474121,0,17.4200000762939,304
2,10.789999961853,114.699996948242,0,223.320007324219,695
2,22.0699996948242,97.4700012207031,0,285.809997558594,957
2,94.870002746582,103.819999694824,0,197.440002441406,181
3,104.480003356934,191.779998779297,0,253.580001831055,1124
3,18.4300003051758,65.4800033569336,0,35.189998626709,365
2,31.1700000762939,90.3899993896484,1,142.720001220703,875
3,130.179992675781,115.459999084473,2,93.4400024414062,1415
2,7.19999980926514,63.5699996948242,0,80.6399993896484,774
1,12.0699996948242,56.189998626709,3,15.3800001144409,248
3,23.3500003814697,110.529998779297,0,33.0499992370605,521
1,101.5,82.9400024414062,0,70.3499984741211,692
2,5,132.779998779297,3,54.2799987792969,850
3,7.34999990463257,125.050003051758,1,97.6100006103516,1050
2,34.4199981689453,191.440002441406,1,123.139999389648,4437
2,12.9200000762939,89.0299987792969,2,26.2600002288818,458
2,36.0499992370605,64.0800018310547,1,75.9000015258789,821
1,32.5,56.5400009155273,4,26.0499992370605,445
2,101.769996643066,96.6999969482422,0,55.2000007629395,559
1,109.949996948242,53.7999992370605,0,149.779998779297,447
2,54.6399993896484,71.6999969482422,1,21.6700000762939,587
1,23.2000007629395,122.699996948242,0,52.9199981689453,520
2,3,46.6800003051758,0,52.5900001525879,253
2,64.129997253418,137.229995727539,0,69.25,769
2,3,140.729995727539,2,49.5699996948242,732
3,52.2400016784668,91.8099975585938,0,67.1900024414062,905
3,47.5200004577637,103.900001525879,1,43.4700012207031,820
2,6.19999980926514,88.9700012207031,2,36.7900009155273,563
2,4.44999980926514,127.589996337891,1,52.4099998474121,621
2,6.34999990463257,68.9000015258789,0,69.9599990844727,475
2,145.259994506836,181.179992675781,2,148.729995727539,959
2,14.4899997711182,28.5300006866455,0,38.8300018310547,370
2,127.620002746582,107.569999694824,0,97.5,635
2,21,88.4199981689453,3,51.560001373291,599
2,38.5299987792969,80.2699966430664,0,75.6500015258789,216
3,66.1999969482422,110.5,2,40.4000015258789,957
1,23.7199993133545,20.4899997711182,0,23.7900009155273,202
2,20.9500007629395,232.869995117188,0,49.2099990844727,520
2,3.94000005722046,74,2,80.7900009155273,491
2,26.25,93.4899978637695,0,35.4599990844727,935
1,3.69000005722046,76.9700012207031,0,24.0400009155273,470
2,4.90000009536743,89.2399978637695,1,52.5499992370605,972
2,30.6100006103516,213.949996948242,3,15.8699998855591,901
1,18.6399993896484,34.6800003051758,0,1,124
2,6.75,176.130004882812,3,13.0500001907349,943
2,71.4800033569336,100.160003662109,0,16.3999996185303,495
1,5.84999990463257,37.0800018310547,0,19.6399993896484,124
1,36.4900016784668,39.9099998474121,0,6.28000020980835,336
2,14,83.879997253418,0,16.4699993133545,210
2,63.0299987792969,108.470001220703,0,53.6199989318848,783
1,53.810001373291,61.6399993896484,0,168.429992675781,395
2,1.73000001907349,76.5199966430664,0,33.9900016784668,790
2,2,131.779998779297,0,60.189998626709,711
1,52.5099983215332,26.4500007629395,0,50.7700004577637,262
2,25.6599998474121,83.2099990844727,3,28.9099998474121,863
3,164.449996948242,286.399993896484,0,78.4800033569336,1885
2,16.6000003814697,117.690002441406,4,66.629997253418,758
2,6.84999990463257,89.5400009155273,0,68.9400024414062,356
2,24.5,111.089996337891,0,12,350
1,1.94000005722046,23.3500003814697,0,17.7000007629395,155
2,38.7400016784668,68.8300018310547,3,22.6200008392334,444
2,79.8499984741211,119.779998779297,2,89.4400024414062,819
2,37.0499992370605,70.0899963378906,0,35.5099983215332,895
3,3.5,117.160003662109,0,110.650001525879,1486
2,10,133.690002441406,0,194.350006103516,1006
3,84.4400024414062,116.120002746582,0,18.6000003814697,819
2,23.8500003814697,83.8399963378906,0,37.5800018310547,598
2,29.8500003814697,87.9499969482422,0,49.310001373291,253
1,34.7599983215332,60.7299995422363,0,15.1400003433228,218
2,19.6200008392334,77.1999969482422,1,29.8999996185303,390
2,11.8900003433228,207.929992675781,3,250.380004882812,827
3,33.4500007629395,142.389999389648,1,67.7399978637695,791
2,4.55000019073486,65.7799987792969,3,19.2299995422363,825
1,22.6599998474121,39.2299995422363,0,67.120002746582,507
2,53.3499984741211,72.6900024414062,3,60.1599998474121,422
1,21.6800003051758,44.8400001525879,0,225.330001831055,978
1,32.4000015258789,22.5400009155273,0,2,148
3,1.70000004768372,76.4599990844727,1,30.3999996185303,473
2,15.6000003814697,84.379997253418,2,7.1100001335144,604
1,7,74.4100036621094,0,28,735
2,9.19999980926514,190.229995727539,3,24.9599990844727,689
2,10.5500001907349,107.209999084473,0,56.3199996948242,253
2,6.48999977111816,113.110000610352,2,52.2200012207031,716
1,44.1100006103516,64.7300033569336,0,26.0799999237061,128
2,1.10000002384186,99.8499984741211,0,37.4000015258789,683
2,17.0900001525879,67.1699981689453,0,17.7800006866455,306
2,21.6700000762939,106.580001831055,2,40.189998626709,755
2,11.6000003814697,86.5199966430664,2,46.8899993896484,662
3,9.76000022888184,159.160003662109,1,99.1100006103516,529
3,1.39999997615814,111.330001831055,2,36.7700004577637,1492
1,21.8500003814697,202.699996948242,3,34.3300018310547,589
3,24.1499996185303,70.1100006103516,0,67.9199981689453,395
3,42.6399993896484,168.940002441406,1,93.6900024414062,886
2,21,102.730003356934,2,37.560001373291,1465
2,38.4300003051758,48.6300010681152,0,287.559997558594,849
1,64.6900024414062,27.6299991607666,0,40.9700012207031,443
2,49.3300018310547,44.8300018310547,0,248.820007324219,379
2,3.90000009536743,33.060001373291,0,18.2800006866455,577
1,195.660003662109,62.5900001525879,0,4.67999982833862,411
1,1.10000002384186,62.2299995422363,0,29.4200000762939,442
3,29.4500007629395,190.820007324219,0,26,2330
2,10.3500003814697,43.9799995422363,0,12.3800001144409,295
2,6.98000001907349,72.8600006103516,0,76.2799987792969,219
2,13.1400003433228,63.8699989318848,1,187.130004882812,412
1,16.9200000762939,47.3899993896484,0,32.4300003051758,102
3,65.5400009155273,91.2099990844727,0,137.160003662109,429
2,3,42.8499984741211,0,31,247
1,9.89999961853027,51.0800018310547,0,48.1199989318848,598
3,26.8999996185303,116.669998168945,1,156.419998168945,640
1,2.49000000953674,29.7199993133545,0,2.5,124
1,10.6999998092651,90.4199981689453,0,32,540
1,24.2999992370605,38.4300003051758,0,4.21000003814697,395
3,33.1300010681152,144.050003051758,0,65.9300003051758,1195
2,10.4799995422363,23.7199993133545,3,43.9099998474121,689
1,39.2400016784668,166.949996948242,0,100.459999084473,515
2,40.3199996948242,130.270004272461,0,27.6499996185303,886
2,9.39999961853027,63.8800010681152,2,37.7799987792969,730
2,34.7799987792969,110.330001831055,1,36.939998626709,525
1,18.4599990844727,106.690002441406,2,19.4899997711182,176
3,15.0500001907349,95.0699996948242,0,123.019996643066,669
2,29.1399993896484,161.339996337891,1,186.979995727539,607
3,83.379997253418,259.809997558594,0,170.080001831055,705
1,4,67.0400009155273,0,3.0699999332428,385
2,12.1300001144409,144.399993896484,1,34.6699981689453,1017
2,6.48999977111816,143.149993896484,0,32.6100006103516,1222
2,0.5,152.509994506836,2,91.6500015258789,734
2,1.5,55.9500007629395,0,90.2099990844727,208
3,107.25,122.459999084473,0,191.339996337891,1008
1,35.2400016784668,111.190002441406,2,88.620002746582,445
2,80.7600021362305,114.73999786377,4,163.789993286133,640
1,6.25,110.080001831055,0,15.8999996185303,428
2,6.73000001907349,65.3899993896484,0,149.660003662109,248
2,27.8799991607666,157.970001220703,1,160.220001220703,1145
2,33.8699989318848,54.8300018310547,0,38.8699989318848,615
1,7.73000001907349,33.939998626709,1,0.75,180
2,2.57999992370605,124.540000915527,1,12.6000003814697,601
2,22.5400009155273,139.820007324219,2,40.3699989318848,792
2,12.9799995422363,46.3899993896484,0,34.5999984741211,657
3,16.2099990844727,79.5599975585938,1,100.569999694824,384
2,9.18000030517578,56.0800018310547,0,18.7999992370605,386
2,7.80000019073486,80.9199981689453,0,7.94000005722046,493
2,1.10000002384186,74.4700012207031,0,32.689998626709,1351
2,7,50.4199981689453,0,12.8800001144409,239
2,3,126.379997253418,2,85.7099990844727,1530
2,3.74000000953674,54.3400001525879,0,11.539999961853,669
1,26.5699996948242,46.9000015258789,0,28.3299999237061,418
2,12.8699998855591,59.0800018310547,2,31.4599990844727,745
3,53.2999992370605,84.8099975585938,0,102.680000305176,940
2,44.8499984741211,161.509994506836,3,66.2200012207031,1008
2,25.4500007629395,70.6100006103516,0,236.850006103516,961
2,36.6699981689453,107.050003051758,2,123.870002746582,425
2,27,180.979995727539,2,47.8699989318848,902
2,2.15000009536743,53.0200004577637,0,17.9099998474121,272
1,31.8299999237061,64.75,2,31.8400001525879,220
2,13.5299997329712,49.5900001525879,1,19.4200000762939,296
3,5.5,64.6999969482422,1,51.9300003051758,785
2,36.2799987792969,145.550003051758,1,106.440002441406,1021
2,11.8900003433228,96.0199966430664,0,49.060001373291,1092
2,54.6699981689453,128.389999389648,0,13.039999961853,634
2,6.92999982833862,34.8699989318848,0,30.5799999237061,154
2,34.9500007629395,45.3800010681152,0,33.6800003051758,255
2,32.1599998474121,68.0800018310547,2,63.5800018310547,603
2,57.4000015258789,82.1900024414062,0,36.5699996948242,220
1,19.1100006103516,43.4099998474121,4,20.0100002288818,342
3,9.93000030517578,154.899993896484,1,86.8399963378906,937
1,20.2399997711182,52.5900001525879,0,253.970001220703,890
2,32.6300010681152,110.769996643066,1,146.5,841
1,1.29999995231628,74.6999969482422,1,148.630004882812,240
2,11.4700002670288,202.360000610352,2,9.10999965667725,611
1,34.939998626709,38.75,0,1.1599999666214,130
2,36.5800018310547,88.2300033569336,2,35.189998626709,465
2,9.5,53.3899993896484,0,0.400000005960464,223
2,14,117.580001831055,2,119.930000305176,683
2,20.9899997711182,52.1500015258789,0,29.7299995422363,830
1,5.30000019073486,28.4400005340576,0,0.219999998807907,77
1,14.2299995422363,57.2000007629395,0,16.3500003814697,534
3,22.6000003814697,122.819999694824,0,52.8699989318848,1335
2,83.9000015258789,97.4199981689453,0,88.1399993896484,955
1,11.8500003814697,62.2099990844727,0,24.3500003814697,563
1,2,35.7900009155273,0,34.9099998474121,120
1,27.0200004577637,78.6800003051758,1,52.8400001525879,211
2,4.19999980926514,61.0999984741211,1,3.29999995231628,284
1,30.4899997711182,34.9199981689453,0,17.7000007629395,138
2,98.5,80.629997253418,0,2,255
3,28.5300006866455,171.649993896484,2,71.5100021362305,1112
2,94.6600036621094,120.5,3,4.44999980926514,346
3,187.580001831055,163.419998168945,0,91.9800033569336,1203
2,29.8500003814697,102.050003051758,2,197.910003662109,650
1,7,21.5,0,26.3400001525879,155
2,2,188.860000610352,1,92.5800018310547,1320
1,18.8299999237061,38.8499984741211,0,25.2700004577637,593
1,13.789999961853,81.3000030517578,3,18.1399993896484,263
1,2.07999992370605,33.0800018310547,0,263.720001220703,393
3,30.1399993896484,81.6500015258789,1,57.9700012207031,987
2,5.36999988555908,122.75,2,181.360000610352,718
2,28.2000007629395,37.5099983215332,3,154.380004882812,363
2,40.6599998474121,96.1999969482422,1,40.9700012207031,877
2,15.6499996185303,161.919998168945,0,177.779998779297,1010
1,40.5200004577637,28.5200004577637,0,3.49000000953674,554
2,11.039999961853,102.839996337891,0,106,450
2,22,156.970001220703,0,56.0800018310547,385
2,56.2599983215332,77.1600036621094,2,24.6499996185303,270
3,14.0299997329712,94.9199981689453,1,18.1700000762939,508
2,5.30000019073486,152.389999389648,2,111.440002441406,357
2,5.13000011444092,99.5899963378906,2,50.3800010681152,408
3,48.1699981689453,158.529998779297,0,347.019989013672,2019
1,30.1299991607666,67.4199981689453,0,323.359985351562,379
2,6.5,135.589996337891,1,22.1399993896484,426
2,65.3199996948242,84.2399978637695,0,51.6199989318848,559
1,16.8600006103516,58.5900001525879,0,15,124
2,10.1599998474121,139.309997558594,2,111.639999389648,1207
2,16.7299995422363,134.169998168945,3,87.3399963378906,851
2,8.57999992370605,89.5999984741211,0,23.5900001525879,210
2,76.5899963378906,39.189998626709,1,37.939998626709,426
3,108.400001525879,72.3000030517578,0,27.0300006866455,842
2,14.3100004196167,154.990005493164,2,90.1500015258789,891
1,18.8799991607666,66.0199966430664,3,33.5099983215332,220
2,43.25,109.129997253418,4,262.070007324219,968
1,35.6599998474121,84.6999969482422,0,226.089996337891,1547
2,18.8299999237061,87.2200012207031,0,31.8400001525879,894
2,33.5900001525879,113.139999389648,1,38.2799987792969,516
2,23.3999996185303,100,3,296.329986572266,166
1,30.8799991607666,52.5299987792969,0,12.8699998855591,199
2,34.5,144.839996337891,0,34.7200012207031,230
2,37.7999992370605,80.0299987792969,0,36.2999992370605,895
1,28.5699996948242,21.0100002288818,0,2.5,125
1,0.779999971389771,79.5899963378906,0,41.6699981689453,376
1,17.1499996185303,22.5699996948242,0,3.30999994277954,116
1,0.600000023841858,28.5100002288818,0,15.9099998474121,410
2,56.8400001525879,65.7900009155273,3,20.4899997711182,501
2,13.1000003814697,106.26000213623,0,123.370002746582,669
2,57.8800010681152,75.6800003051758,0,43.6699981689453,1096
2,27.4099998474121,196.050003051758,3,28.4699993133545,1908
2,34.7599983215332,121.940002441406,1,31.5799999237061,907
2,7.8600001335144,127.209999084473,3,20.2700004577637,468
1,22.5,48.810001373291,1,1.35000002384186,398
1,164.809997558594,174.279998779297,0,596.169982910156,1409
2,34.3300018310547,145.979995727539,0,266.320007324219,1319
2,18.4500007629395,50.7999992370605,0,41.689998626709,239
2,35.6300010681152,93.8600006103516,3,21.5599994659424,807
3,6.5,94.4499969482422,0,383.820007324219,888
2,86.5599975585938,311.619995117188,2,59.4500007629395,830
1,17.8799991607666,52.3499984741211,0,6.6100001335144,135
2,13.9499998092651,162.089996337891,3,39.5800018310547,969
2,3.5,38.0299987792969,0,4.03999996185303,914
2,43.5099983215332,122.370002746582,0,54.5900001525879,1224
2,5.40000009536743,81.9300003051758,1,125.889999389648,670
2,23.0900001525879,128.089996337891,2,32.1199989318848,2338
2,22,34.9300003051758,0,8.68000030517578,1152
2,0.899999976158142,143.699996948242,2,30.4799995422363,864
2,27.75,86.4700012207031,0,26.6700000762939,202
2,21.1700000762939,162.190002441406,2,67.7600021362305,1044
2,8.77000045776367,71.4400024414062,1,232.830001831055,175
2,11.1800003051758,60.3600006103516,0,34.8899993896484,151
1,93.7799987792969,35.4700012207031,0,5.6100001335144,211
2,57.4900016784668,121.970001220703,2,66.4899978637695,413
2,45.5299987792969,52.5499992370605,0,17.25,678
3,34.1399993896484,84.0299987792969,2,347.829986572266,723
2,10.25,113.540000915527,0,158.520004272461,1510
2,6.5,38.439998626709,0,14.3299999237061,258
2,10.0900001525879,162.169998168945,1,32.7999992370605,391
2,60.1800003051758,76.7200012207031,0,155.100006103516,385
